{"cameraMode":{"drawMode":0,"name":"Shaded","section":"Shading Mode"},"sceneLighting":true,"audioPlay":false,"sceneViewState":{"showFog":true,"showMaterialUpdate":false,"showSkybox":true,"showFlares":true,"showImageEffects":true,"showParticleSystems":true},"in2DMode":false,"pivot":{"x":0.7489209175109863,"y":-0.6201171875,"z":1.0501785278320313},"rotation":{"x":-0.7097405195236206,"y":-0.013313072733581066,"z":0.013417577371001244,"w":-0.7042097449302673},"size":35.96333694458008,"orthographic":true}